row,concept_type,template_id,engine_family,component
5,ecosystem_environment_system,remotion.bio_ecosystem_network.v1,remotion_svg,BioEcosystemNetworkTemplate
6,organ_system_flow_regulation,remotion.bio_organ_system_flow.v1,remotion_svg,BioOrganSystemFlowTemplate
11,earth_space_system_model,remotion.earth_space_system.v1,remotion_svg,EarthSpaceSystemTemplate
12,chemical_bonding_molecular_structure,remotion.chem_bonding_molecule.v1,remotion_svg,ChemBondingMoleculeTemplate
19,human_body_system_flow,remotion.bio_flow_system.v1,remotion_svg,BioFlowSystemTemplate
23,biodiversity_classification_conservation,remotion.bio_taxonomy_biodiversity.v1,remotion_svg,BioTaxonomyBiodiversityTemplate
24,biotechnology_process_ethics,remotion.bio_biotech_process.v1,remotion_svg,BioBiotechProcessTemplate
25,ecosystem_interaction_energy_matter,remotion.bio_ecosystem_network.v1,remotion_svg,BioEcosystemNetworkTemplate
26,atomic_structure_periodic_model,remotion.chem_atomic_periodic.v1,remotion_svg,ChemAtomicPeriodicTemplate
28,acid_base_ph_titration,remotion.chem_acid_base_titration.v1,remotion_svg,ChemAcidBaseTitrationTemplate
30,ecosystem_interdependence,remotion.sd_ecosystem_food_chain.v1,remotion_or_rive,SdEcosystemFoodChainTemplate
31,energy_light_sound_heat_electricity,remotion.sd_energy_forms.v1,remotion_or_manim,SdEnergyFormsTemplate
34,life_structure_classification,remotion.bio_structure_labeling.v1,remotion_svg,BioStructureLabelingTemplate
38,virus_structure_lifecycle_health,remotion.bio_virus_lifecycle.v1,remotion_svg,BioVirusLifecycleTemplate
39,mutation_evolution_selection,remotion.bio_evolution_selection.v1,remotion_svg,BioEvolutionSelectionTemplate
41,reaction_rate_collision_model,remotion.chem_particle_reaction_rate.v1,remotion_svg,ChemParticleReactionRateTemplate
42,redox_electrochemistry_model,remotion.chem_redox_electrochemistry.v1,remotion_svg,ChemRedoxElectrochemistryTemplate
43,organic_structure_functional_group,remotion.chem_organic_structure.v1,remotion_svg,ChemOrganicStructureTemplate
47,body_senses_health,remotion.sd_body_senses_health.v1,remotion_or_rive,SdBodySensesHealthTemplate
48,living_things_classification_lifecycle,remotion.sd_life_cycle_classification.v1,remotion_or_rive,SdLifeCycleClassificationTemplate
54,acid_base_safety_context,remotion.chem_acid_base_safety.v1,remotion_svg,ChemAcidBaseSafetyTemplate
60,chemistry_inquiry_safety_context,remotion.chem_lab_safety.v1,remotion_svg,ChemLabSafetyTemplate
61,matter_property_change_model,remotion.chem_particle_matter.v1,remotion_svg,ChemParticleMatterTemplate
67,observation_inquiry_skills,remotion.sd_inquiry_observation.v1,remotion_or_rive,SdInquiryObservationTemplate
68,matter_properties_states,remotion.sd_matter_states.v1,remotion_or_rive,SdMatterStatesTemplate
69,solar_system_day_night,remotion.sd_solar_system_day_night.v1,remotion_or_manim,SdSolarSystemDayNightTemplate
70,earth_surface_resources_environment,remotion.sd_earth_resources_environment.v1,remotion_or_rive,SdEarthResourcesEnvironmentTemplate
71,mixture_separation_change,remotion.sd_mixture_separation.v1,remotion_or_rive,SdMixtureSeparationTemplate
74,matter_particle_property_model,remotion.chem_particle_matter.v1,remotion_svg,ChemParticleMatterTemplate
81,cell_structure_organelle,remotion.bio_cell_structure.v1,remotion_svg,BioCellStructureTemplate
82,membrane_transport_model,remotion.bio_membrane_transport.v1,remotion_svg,BioMembraneTransportTemplate
83,cell_division_cycle,remotion.bio_cell_division.v1,remotion_svg,BioCellDivisionTemplate
84,enzyme_metabolism_process,remotion.bio_enzyme_metabolism.v1,remotion_svg,BioEnzymeMetabolismTemplate
85,photosynthesis_respiration_process,remotion.bio_energy_process.v1,remotion_svg,BioEnergyProcessTemplate
86,genetic_information_expression,remotion.bio_genetic_expression.v1,remotion_svg,BioGeneticExpressionTemplate
88,growth_development_timeline,remotion.bio_growth_timeline.v1,remotion_svg,BioGrowthTimelineTemplate
89,materials_nanotech_environment,remotion.chem_material_environment.v1,remotion_svg,ChemMaterialEnvironmentTemplate
96,earth_weather_water_cycle,remotion.sd_weather_water_cycle.v1,remotion_or_rive,SdWeatherWaterCycleTemplate
101,mixture_separation_lab_model,remotion.chem_lab_separation.v1,remotion_svg,ChemLabSeparationTemplate
103,immune_response_interaction,remotion.bio_immune_response.v1,remotion_svg,BioImmuneResponseTemplate
104,homeostasis_feedback_model,remotion.bio_homeostasis_feedback.v1,remotion_svg,BioHomeostasisFeedbackTemplate
105,disease_disorder_context,remotion.bio_health_disorder.v1,remotion_svg,BioHealthDisorderTemplate
107,plant_animal_structure_function,remotion.sd_structure_function.v1,remotion_or_rive,SdStructureFunctionTemplate
