row,concept_type,template_id,component,audience_level,engine_family
5,ecosystem_environment_system,remotion.bio_ecosystem_network.v1,BioEcosystemNetworkTemplate,smp,remotion_svg
6,organ_system_flow_regulation,remotion.bio_organ_system_flow.v1,BioOrganSystemFlowTemplate,smp,remotion_svg
11,earth_space_system_model,remotion.earth_space_system.v1,EarthSpaceSystemTemplate,smp,remotion_svg
12,chemical_bonding_molecular_structure,remotion.chem_bonding_molecule.v1,ChemBondingMoleculeTemplate,sma,remotion_svg
19,human_body_system_flow,remotion.bio_flow_system.v1,BioFlowSystemTemplate,sd,remotion_svg
23,biodiversity_classification_conservation,remotion.bio_taxonomy_biodiversity.v1,BioTaxonomyBiodiversityTemplate,smp,remotion_svg
24,biotechnology_process_ethics,remotion.bio_biotech_process.v1,BioBiotechProcessTemplate,sma,remotion_svg
25,ecosystem_interaction_energy_matter,remotion.bio_ecosystem_network.v1,BioEcosystemNetworkTemplate,sma,remotion_svg
26,atomic_structure_periodic_model,remotion.chem_atomic_periodic.v1,ChemAtomicPeriodicTemplate,sma,remotion_svg
28,acid_base_ph_titration,remotion.chem_acid_base_titration.v1,ChemAcidBaseTitrationTemplate,sma,remotion_svg
30,ecosystem_interdependence,remotion.sd_ecosystem_food_chain.v1,SdEcosystemFoodChainTemplate,sd,remotion_or_rive
31,energy_light_sound_heat_electricity,remotion.sd_energy_forms.v1,SdEnergyFormsTemplate,sd,remotion_or_manim
34,life_structure_classification,remotion.bio_structure_labeling.v1,BioStructureLabelingTemplate,smp,remotion_svg
38,virus_structure_lifecycle_health,remotion.bio_virus_lifecycle.v1,BioVirusLifecycleTemplate,smp,remotion_svg
39,mutation_evolution_selection,remotion.bio_evolution_selection.v1,BioEvolutionSelectionTemplate,sma,remotion_svg
41,reaction_rate_collision_model,remotion.chem_particle_reaction_rate.v1,ChemParticleReactionRateTemplate,sma,remotion_svg
42,redox_electrochemistry_model,remotion.chem_redox_electrochemistry.v1,ChemRedoxElectrochemistryTemplate,sma,remotion_svg
43,organic_structure_functional_group,remotion.chem_organic_structure.v1,ChemOrganicStructureTemplate,sma,remotion_svg
47,body_senses_health,remotion.sd_body_senses_health.v1,SdBodySensesHealthTemplate,sd,remotion_or_rive
48,living_things_classification_lifecycle,remotion.sd_life_cycle_classification.v1,SdLifeCycleClassificationTemplate,sd,remotion_or_rive
54,acid_base_safety_context,remotion.chem_acid_base_safety.v1,ChemAcidBaseSafetyTemplate,smp,remotion_svg
60,chemistry_inquiry_safety_context,remotion.chem_lab_safety.v1,ChemLabSafetyTemplate,smp,remotion_svg
61,matter_property_change_model,remotion.chem_particle_matter.v1,ChemParticleMatterTemplate,smp,remotion_svg
67,observation_inquiry_skills,remotion.sd_inquiry_observation.v1,SdInquiryObservationTemplate,sd,remotion_or_rive
68,matter_properties_states,remotion.sd_matter_states.v1,SdMatterStatesTemplate,sd,remotion_or_rive
69,solar_system_day_night,remotion.sd_solar_system_day_night.v1,SdSolarSystemDayNightTemplate,sd,remotion_or_manim
70,earth_surface_resources_environment,remotion.sd_earth_resources_environment.v1,SdEarthResourcesEnvironmentTemplate,sd,remotion_or_rive
71,mixture_separation_change,remotion.sd_mixture_separation.v1,SdMixtureSeparationTemplate,sd,remotion_or_rive
74,matter_particle_property_model,remotion.chem_particle_matter.v1,ChemParticleMatterTemplate,sma,remotion_svg
81,cell_structure_organelle,remotion.bio_cell_structure.v1,BioCellStructureTemplate,smp,remotion_svg
82,membrane_transport_model,remotion.bio_membrane_transport.v1,BioMembraneTransportTemplate,sma,remotion_svg
83,cell_division_cycle,remotion.bio_cell_division.v1,BioCellDivisionTemplate,sma,remotion_svg
84,enzyme_metabolism_process,remotion.bio_enzyme_metabolism.v1,BioEnzymeMetabolismTemplate,sma,remotion_svg
85,photosynthesis_respiration_process,remotion.bio_energy_process.v1,BioEnergyProcessTemplate,smp,remotion_svg
86,genetic_information_expression,remotion.bio_genetic_expression.v1,BioGeneticExpressionTemplate,sma,remotion_svg
88,growth_development_timeline,remotion.bio_growth_timeline.v1,BioGrowthTimelineTemplate,smp,remotion_svg
89,materials_nanotech_environment,remotion.chem_material_environment.v1,ChemMaterialEnvironmentTemplate,sma,remotion_svg
96,earth_weather_water_cycle,remotion.sd_weather_water_cycle.v1,SdWeatherWaterCycleTemplate,sd,remotion_or_rive
101,mixture_separation_lab_model,remotion.chem_lab_separation.v1,ChemLabSeparationTemplate,smp,remotion_svg
103,immune_response_interaction,remotion.bio_immune_response.v1,BioImmuneResponseTemplate,sma,remotion_svg
104,homeostasis_feedback_model,remotion.bio_homeostasis_feedback.v1,BioHomeostasisFeedbackTemplate,sma,remotion_svg
105,disease_disorder_context,remotion.bio_health_disorder.v1,BioHealthDisorderTemplate,smp,remotion_svg
107,plant_animal_structure_function,remotion.sd_structure_function.v1,SdStructureFunctionTemplate,sd,remotion_or_rive
